Nombre,Tel√©fono,Direcci√≥n
"Cl√≠nica de Fisioterapia y Osteopat√≠a Enric Gallofre, Madrid","ÓÇ∞
919 93 15 86","ÓÉà
Calle de Castell√≥, 24, Esc. 1, 3¬∫ Izq, Salamanca, 28001 Madrid"
eFISIO Fisioterapia,"ÓÇ∞
910 05 23 63","ÓÉà
C. de Carranza, 7, 1¬∞6, Centro, 28004 Madrid"
ü•áü•áPURAFISIOTERAPIA | FISIOTERAPIA y OSTEOPAT√çA en el barrio Salamanca de Madrid,"ÓÇ∞
910 09 79 80","ÓÉà
en el interior de la galer√≠a, Calle de Castell√≥, 115, Salamanca, 28006 Madrid"
"FISIO TIRSO MADRID. Centro de Fisioterapia, Ecograf√≠a, Osteopat√≠a, Punci√≥n seca y Masaje.","ÓÇ∞
647 04 30 55","ÓÉà
Pl. de Tirso de Molina, 16, Piso 4, Puerta 5, Centro, 28012 Madrid"
Fisioterapia Madrid,"ÓÇ∞
914 02 63 90","ÓÉà
Calle de Juan Bravo, 75, Primera planta, Salamanca, 28006 Madrid"
eFISIO Fisioterapia y Masajes,"ÓÇ∞
910 05 23 63","ÓÉà
C. de Ginzo de Limia, 60, Fuencarral-El Pardo, 28034 Madrid"
Fisioterapia deportiva y traumatol√≥gia. Cl√≠nica Readapta.,"ÓÇ∞
664 13 93 82","ÓÉà
P.¬∫ de las Yeser√≠as, 15, Arganzuela, 28005 Madrid"
Cl√≠nicas H3 Fisioterapia Madrid,"ÓÇ∞
606 98 63 52","ÓÉà
C. de Serrano, 224, Chamart√≠n, 28016 Madrid"
AFISIONATE Madrid,"ÓÇ∞
914 31 76 48","ÓÉà
Calle del Dr. Castelo, 20, 1¬™ planta, Retiro, 28009 Madrid"
Cl√≠nicas H3 Fisioterapia Madrid Caama√±o,"ÓÇ∞
633 07 65 13","ÓÉà
C. Carlos Caama√±o, 4, Chamart√≠n, 28016 Madrid"
Fisioterapia y Osteopat√≠a Fuencarral,"ÓÇ∞
667 40 33 32","ÓÉà
Prta del Sol, 4, 4¬∫C, Centro, 28013 Madrid"
Madrid FisioTecar,"ÓÇ∞
622 50 64 75","ÓÉà
C. Francisco Balseiro, 2, Tetu√°n, 28039 Madrid"
üíÜ‚Äç‚ôÇÔ∏è ùóôùó∂ùòÄùó∂ùóº ùó≥ùóºùóø ùóÆùóπùóπ - Cl√≠nica de fisioterapia en Madrid,"ÓÇ∞
624 62 57 50","ÓÉà
C. del Pensamiento, 23, Tetu√°n, 28020 Madrid"
ü•á ‚≠êü•áFisioterapia Madrid - FisioPou Cl√≠nica,"ÓÇ∞
635 06 81 72","ÓÉà
C. de Arriaza, 1, Moncloa - Aravaca, 28008 Madrid"
CL√çNICA DE FISIOTERAPIA DEBOD/MADRID/ARGUELLES/PLAZA DE ESPA√ëA,"ÓÇ∞
917 58 15 90","ÓÉà
C. de Evaristo San Miguel, 19, Moncloa - Aravaca, 28008 Madrid"
No disponible,"ÓÇ∞
917 58 15 90","ÓÉà
C. de Evaristo San Miguel, 19, Moncloa - Aravaca, 28008 Madrid"
Fisiotherapy Madrid,"ÓÇ∞
695 94 17 74","ÓÉà
C. de Alenza, 20, B, Bajo, Chamber√≠, 28003 Madrid"
No disponible,"ÓÇ∞
695 94 17 74","ÓÉà
C. de Alenza, 20, B, Bajo, Chamber√≠, 28003 Madrid"
No disponible,No disponible,No disponible
No disponible,No disponible,No disponible
No disponible,No disponible,No disponible
No disponible,No disponible,No disponible
No disponible,No disponible,No disponible
No disponible,No disponible,No disponible
No disponible,No disponible,No disponible
No disponible,No disponible,No disponible
No disponible,No disponible,No disponible
No disponible,No disponible,No disponible
No disponible,No disponible,No disponible
No disponible,No disponible,No disponible
No disponible,No disponible,No disponible
No disponible,No disponible,No disponible
No disponible,No disponible,No disponible
No disponible,No disponible,No disponible
No disponible,No disponible,No disponible
No disponible,No disponible,No disponible
No disponible,No disponible,No disponible
No disponible,No disponible,No disponible
No disponible,No disponible,No disponible
No disponible,No disponible,No disponible
No disponible,No disponible,No disponible
No disponible,No disponible,No disponible
No disponible,No disponible,No disponible
No disponible,No disponible,No disponible
No disponible,No disponible,No disponible
No disponible,No disponible,No disponible
No disponible,No disponible,No disponible
No disponible,No disponible,No disponible
No disponible,No disponible,No disponible
No disponible,No disponible,No disponible
No disponible,No disponible,No disponible
No disponible,No disponible,No disponible
No disponible,No disponible,No disponible
No disponible,No disponible,No disponible
No disponible,No disponible,No disponible
No disponible,No disponible,No disponible
No disponible,No disponible,No disponible
No disponible,No disponible,No disponible
No disponible,No disponible,No disponible
No disponible,No disponible,No disponible
No disponible,No disponible,No disponible
No disponible,No disponible,No disponible
No disponible,No disponible,No disponible
No disponible,No disponible,No disponible
No disponible,No disponible,No disponible
No disponible,No disponible,No disponible
No disponible,No disponible,No disponible
No disponible,No disponible,No disponible
No disponible,No disponible,No disponible
No disponible,No disponible,No disponible
No disponible,No disponible,No disponible
No disponible,No disponible,No disponible
No disponible,No disponible,No disponible
No disponible,No disponible,No disponible
No disponible,No disponible,No disponible
No disponible,No disponible,No disponible
No disponible,No disponible,No disponible
No disponible,No disponible,No disponible
No disponible,No disponible,No disponible
No disponible,No disponible,No disponible
No disponible,No disponible,No disponible
No disponible,No disponible,No disponible
No disponible,No disponible,No disponible
No disponible,No disponible,No disponible
No disponible,No disponible,No disponible
No disponible,No disponible,No disponible
No disponible,No disponible,No disponible
No disponible,No disponible,No disponible
No disponible,No disponible,No disponible
No disponible,No disponible,No disponible
No disponible,No disponible,No disponible
No disponible,No disponible,No disponible
No disponible,No disponible,No disponible
No disponible,No disponible,No disponible
No disponible,No disponible,No disponible
No disponible,No disponible,No disponible
No disponible,No disponible,No disponible
No disponible,No disponible,No disponible
No disponible,No disponible,No disponible
No disponible,No disponible,No disponible
No disponible,No disponible,No disponible
No disponible,No disponible,No disponible
No disponible,No disponible,No disponible
No disponible,No disponible,No disponible
No disponible,No disponible,No disponible
No disponible,No disponible,No disponible
No disponible,No disponible,No disponible
No disponible,No disponible,No disponible
No disponible,No disponible,No disponible
No disponible,No disponible,No disponible
No disponible,No disponible,No disponible
No disponible,No disponible,No disponible
No disponible,No disponible,No disponible
No disponible,No disponible,No disponible
No disponible,No disponible,No disponible
No disponible,No disponible,No disponible
No disponible,No disponible,No disponible
No disponible,No disponible,No disponible
No disponible,No disponible,No disponible
No disponible,No disponible,No disponible
